Province,District
Bulawayo Province,Bulawayo
Harare Province,Harare
Manicaland Province,Buhera
Manicaland Province,Chimanimani
Manicaland Province,Chipinge
Manicaland Province,Makoni
Manicaland Province,Mutare
Manicaland Province,Mutasa
Manicaland Province,Nyanga
Mashonaland Central Province,Bindura
Mashonaland Central Province,Guruve
Mashonaland Central Province,Mazowe
Mashonaland Central Province,Mbire
Mashonaland Central Province,Mount Darwin
Mashonaland Central Province,Muzarabani
Mashonaland Central Province,Mukumbura
Mashonaland Central Province,Rushinga
Mashonaland Central Province,Shamva
Mashonaland East Province,Chikomba
Mashonaland East Province,Goromonzi
Mashonaland East Province,Marondera
Mashonaland East Province,Mudzi
Mashonaland East Province,Murehwa
Mashonaland East Province,Mutoko
Mashonaland East Province,Seke
Mashonaland East Province,Uzumba-Maramba-Pfungwe
Mashonaland East Province,Hwedza
Mashonaland West Province,Chegutu
Mashonaland West Province,Hurungwe
Mashonaland West Province,Kariba
Mashonaland West Province,Makonde
Mashonaland West Province,Mhondoro-Ngezi
Mashonaland West Province,Sanyati
Mashonaland West Province,Zvimba
Mashonaland West Province,Kadoma
Mashonaland West Province,Chinhoyi
Masvingo Province,Bikita
Masvingo Province,Chiredzi
Masvingo Province,Chivi
Masvingo Province,Gutu
Masvingo Province,Masvingo
Masvingo Province,Mwenezi
Masvingo Province,Zaka
Matabeleland North Province,Binga
Matabeleland North Province,Bubi
Matabeleland North Province,Hwange
Matabeleland North Province,Lupane
Matabeleland North Province,Nkayi
Matabeleland North Province,Tsholotsho
Matabeleland North Province,Umguza
Matabeleland South Province,Beitbridge
Matabeleland South Province,Bulilima
Matabeleland South Province,Gwanda
Matabeleland South Province,Insiza
Matabeleland South Province,Mangwe
Matabeleland South Province,Matobo
Matabeleland South Province,Umzingwane
Midlands Province,Chirumhanzu
Midlands Province,Gokwe North
Midlands Province,Gokwe South
Midlands Province,Gweru
Midlands Province,Kwekwe
Midlands Province,Mberengwa
Midlands Province,Shurugwi
Midlands Province,Zvishavane
